SAX1,SAX2,SAX3,TAXX,TAXY,TAXZ
8.41451632236e-34,3.36580652894e-33,3.36580652894e-33,1.12944882452e-06,4.0155123656e-07,3.0485437438e-06
1.54593788207e-33,6.18375152827e-33,6.18375152827e-33,2.79641904247e-06,1.38970911141e-06,1.41453873684e-05
1.19305065599e-33,4.77220262398e-33,4.77220262398e-33,4.07779586029e-06,2.72523046337e-06,3.22450891517e-05
7.62185025744e-34,3.04874010298e-33,3.04874010298e-33,5.3415330932e-06,3.87872686932e-06,4.72763377968e-05
3.91034517056e-34,1.56413806822e-33,1.56413806822e-33,5.90152128175e-06,4.12609973113e-06,4.94166425897e-05
1.51605139634e-34,6.06420558537e-34,6.06420558537e-34,5.53206809571e-06,3.41358903405e-06,3.86350684902e-05
3.86173036589e-35,1.54469214636e-34,1.54469214636e-34,4.48465309893e-06,2.24221677838e-06,2.25927205247e-05
4.01337529084e-36,1.60535011633e-35,1.60535011633e-35,3.21465139518e-06,1.19070827797e-06,9.44957559076e-06
8.99155543714e-38,3.59662217486e-37,3.59662217486e-37,2.08827150301e-06,5.40006631247e-07,2.56125337716e-06
1.15318908948e-36,4.61275635792e-36,4.61275635792e-36,1.26532895817e-06,2.44138703132e-07,5.05275339945e-07
8.13967849007e-37,3.25587139603e-36,3.25587139603e-36,7.50414983831e-07,1.30021047743e-07,3.65220063858e-07
1.33677405672e-37,5.34709622686e-37,5.34709622686e-37,4.87611585117e-07,7.42810777742e-08,3.64132349973e-07
1.27663619278e-38,5.10654477111e-38,5.10654477111e-38,4.09471901865e-07,3.88242764535e-08,1.89165711822e-07
1.11518630478e-37,4.46074521913e-37,4.46074521913e-37,4.43113117482e-07,2.14997798604e-08,5.44352353759e-08
8.81753186691e-38,3.52701274676e-37,3.52701274676e-37,5.14735621567e-07,1.69713800713e-08,3.30810000616e-08
1.42042844245e-38,5.68171376979e-38,5.68171376979e-38,5.67576770446e-07,1.54144166453e-08,4.71866697625e-08
3.60257406452e-39,1.44102962581e-38,1.44102962581e-38,5.76573469516e-07,1.2420766892e-08,4.97160262276e-08
2.23491964736e-38,8.93967858946e-38,8.93967858946e-38,5.44867263518e-07,9.10435969119e-09,5.13136881005e-08
1.74421293266e-38,6.97685173065e-38,6.97685173065e-38,4.87934928632e-07,6.66525056567e-09,5.71009310719e-08
2.41044774312e-39,9.64179097247e-39,9.64179097247e-39,4.20261577979e-07,4.73127320186e-09,5.53142614714e-08
1.38647137892e-39,5.5458855157e-39,5.5458855157e-39,3.51306402934e-07,3.01780551378e-09,4.54168456021e-08
6.4855161372e-39,2.59420645488e-38,2.59420645488e-38,2.87171455243e-07,1.87203774283e-09,3.92491429501e-08
4.77175123695e-39,1.90870049478e-38,1.90870049478e-38,2.3251398868e-07,1.39288166151e-09,4.02573507167e-08
5.1536192345e-40,2.0614476938e-39,2.0614476938e-39,1.90770405238e-07,1.225776904e-09,4.03796060384e-08
6.39091880514e-40,2.55636752205e-39,2.55636752205e-39,1.63232904128e-07,1.16427603226e-09,3.46123848929e-08
2.35808251301e-39,9.43233005203e-39,9.43233005203e-39,1.47923370976e-07,1.29984841694e-09,2.69250552195e-08
1.59783351423e-39,6.39133405693e-39,6.39133405693e-39,1.39436426187e-07,1.61811597102e-09,2.23281845953e-08
1.21529008703e-40,4.8611603481e-40,4.8611603481e-40,1.30849629427e-07,1.882469943e-09,2.06568940351e-08
3.31628065198e-40,1.32651226079e-39,1.32651226079e-39,1.17240449218e-07,1.93738879481e-09,1.90697851158e-08
9.97321434359e-40,3.98928573743e-39,3.98928573743e-39,9.83637080465e-08,1.85232590645e-09,1.62213633132e-08
6.13002710518e-40,2.45201084207e-39,2.45201084207e-39,7.81795716239e-08,1.73026839844e-09,1.2706849479e-08
2.81090389017e-41,1.12436155607e-40,1.12436155607e-40,6.15661358561e-08,1.55692095314e-09,9.72454643437e-09
1.87082131841e-40,7.48328527363e-40,7.48328527363e-40,5.10096995265e-08,1.28732606791e-09,8.27281313058e-09
4.69725088278e-40,1.87890035311e-39,1.87890035311e-39,4.57605054087e-08,9.63729210724e-10,8.54814828464e-09
2.58737689452e-40,1.03495075781e-39,1.03495075781e-39,4.3404568762e-08,6.87947331148e-10,9.6230291786e-09
5.30789928196e-42,2.12315971278e-41,2.12315971278e-41,4.18281830548e-08,5.26398965888e-10,1.02399396987e-08
1.12272850234e-40,4.49091400935e-40,4.49091400935e-40,3.99169011298e-08,4.72361108383e-10,9.98708787659e-09
2.39590478668e-40,9.58361914672e-40,9.58361914672e-40,3.71080345753e-08,4.71308588674e-10,9.30328650831e-09
1.16913810728e-40,4.67655242912e-40,4.67655242912e-40,3.29699749898e-08,4.63860416974e-10,8.52622173455e-09
4.43456129186e-43,1.77382451674e-42,1.77382451674e-42,2.74454743873e-08,4.21548507351e-10,7.50339890989e-09
7.06439919228e-41,2.82575967691e-40,2.82575967691e-40,2.12820401854e-08,3.55958698739e-10,6.12334057543e-09
1.2985311739e-40,5.1941246956e-40,5.1941246956e-40,1.58672776996e-08,2.92998171505e-10,4.73937061393e-09
5.54409306806e-41,2.21763722722e-40,2.21763722722e-40,1.2392971894e-08,2.42633239598e-10,3.88863357473e-09
6.15284044576e-44,2.46113617831e-43,2.46113617831e-43,1.10520631939e-08,1.99485204791e-10,3.77839623148e-09
4.61312208562e-41,1.84524883425e-40,1.84524883425e-40,1.09729088543e-08,1.63518691492e-10,4.11162063427e-09
7.37692815892e-41,2.95077126357e-40,2.95077126357e-40,1.09036605266e-08,1.45779724654e-10,4.30937980716e-09
2.71592195814e-41,1.08636878326e-40,1.08636878326e-40,1.00318584563e-08,1.54523223484e-10,3.92215597692e-09
5.73933709755e-43,2.29573483902e-42,2.29573483902e-42,8.32260302035e-09,1.84636110916e-10,2.95758083319e-09
3.1029699754e-41,1.24118799016e-40,1.24118799016e-40,6.26604159752e-09,2.20513726145e-10,1.84265868798e-09
4.3483387248e-41,1.73933548992e-40,1.73933548992e-40,4.39506369179e-09,2.44027375338e-10,1.0267766034e-09
1.35587400839e-41,5.42349603358e-41,5.42349603358e-41,2.98099022886e-09,2.42546142767e-10,6.36696300273e-10
1.06699268183e-42,4.26797072732e-42,4.26797072732e-42,2.02673821712e-09,2.16742336547e-10,5.18949199096e-10
2.13773134734e-41,8.55092538934e-41,8.55092538934e-41,1.41224366659e-09,1.81520449415e-10,5.06726158463e-10
2.63862902501e-41,1.05545161e-40,1.05545161e-40,1.01912162317e-09,1.55332733635e-10,5.46311130279e-10
6.80884503456e-42,2.72353801382e-41,2.72353801382e-41,7.80739749569e-10,1.47724416873e-10,6.22817211852e-10
1.36710014845e-42,5.46840059382e-42,5.46840059382e-42,6.83005215141e-10,1.57832691681e-10,6.88195452952e-10
1.5017382434e-41,6.00695297361e-41,6.00695297361e-41,7.36004521354e-10,1.81147092591e-10,6.87811040859e-10
1.63796073938e-41,6.55184295753e-41,6.55184295753e-41,9.27784099398e-10,2.12763512331e-10,6.05348926317e-10
3.3912375538e-42,1.35649502152e-41,1.35649502152e-41,1.19443496051e-09,2.45045237323e-10,4.67966348185e-10
1.49214832643e-42,5.96859330573e-42,5.96859330573e-42,1.44212219987e-09,2.67574116035e-10,3.31975750803e-10
1.07191173838e-41,4.28764695351e-41,4.28764695351e-41,1.60775973989e-09,2.72593493412e-10,2.55976139285e-10
1.03473866552e-41,4.13895466206e-41,4.13895466206e-41,1.7012272973e-09,2.6021976285e-10,2.57511405231e-10
1.64635460739e-42,6.58541842954e-42,6.58541842954e-42,1.79078889622e-09,2.38010567061e-10,2.95228272055e-10
1.49525619216e-42,5.98102476865e-42,5.98102476865e-42,1.95037500024e-09,2.15663928821e-10,3.11023419334e-10
7.75149829173e-42,3.10059931669e-41,3.10059931669e-41,2.21551666118e-09,1.98916201908e-10,2.85455820585e-10
6.62234169797e-42,2.64893667919e-41,2.64893667919e-41,2.57288530691e-09,1.86495514711e-10,2.39775918136e-10
7.60069472622e-43,3.04027789049e-42,3.04027789049e-42,2.97390169179e-09,1.72523993102e-10,1.96375409788e-10
1.42375537323e-42,5.69502149292e-42,5.69502149292e-42,3.35261114759e-09,1.53256712739e-10,1.58137472156e-10
5.66525091757e-42,2.26610036703e-41,2.26610036703e-41,3.64056525816e-09,1.32716117181e-10,1.2227431242e-10
4.27667151527e-42,1.71066860611e-41,1.71066860611e-41,3.78384649396e-09,1.21607519678e-10,9.50290128578e-11
3.20346179963e-43,1.28138471985e-42,1.28138471985e-42,3.7653178597e-09,1.29375610396e-10,8.77281299466e-11
1.31179192095e-42,5.2471676838e-42,5.2471676838e-42,3.62272735397e-09,1.55438655534e-10,1.05890984672e-10
4.17598448095e-42,1.67039379238e-41,1.67039379238e-41,3.44523355288e-09,1.87094026081e-10,1.43569656289e-10
2.77645233486e-42,1.11058093394e-41,1.11058093394e-41,3.33888750031e-09,2.07134577359e-10,1.8458643428e-10
1.13598319584e-43,4.54393278335e-43,4.54393278335e-43,3.37244508254e-09,2.06490258103e-10,2.11156945408e-10
1.1818643204e-42,4.72745728158e-42,4.72745728158e-42,3.53250819874e-09,1.91790756547e-10,2.15510053467e-10
3.09898649772e-42,1.23959459909e-41,1.23959459909e-41,3.71757695782e-09,1.80536193338e-10,2.02671782223e-10
1.80540976134e-42,7.22163904536e-42,7.22163904536e-42,3.7829048538e-09,1.87026321101e-10,1.81512064348e-10
2.7218049936e-44,1.08872199744e-43,1.08872199744e-43,3.61981861281e-09,2.10860117791e-10,1.56834635668e-10
1.04795697202e-42,4.1918278881e-42,4.1918278881e-42,3.22680646506e-09,2.37564262795e-10,1.31204421613e-10
2.31154408429e-42,9.24617633715e-42,9.24617633715e-42,2.72366075403e-09,2.49961076785e-10,1.08838562315e-10
1.17145087414e-42,4.68580349656e-42,4.68580349656e-42,2.28960038993e-09,2.40331828602e-10,9.34270077157e-11
1.26339217711e-45,5.05356870844e-45,5.05356870844e-45,2.06050621537e-09,2.14534732346e-10,8.46318867405e-11
9.18294838026e-43,3.6731793521e-42,3.6731793521e-42,2.05648480434e-09,1.86936057939e-10,7.97237613164e-11
1.73049016705e-42,6.92196066822e-42,6.92196066822e-42,2.19086979268e-09,1.7147952735e-10,7.7093790616e-11
7.55350391061e-43,3.02140156424e-42,3.02140156424e-42,2.34664476625e-09,1.75092914222e-10,7.65726100878e-11
3.79298786813e-45,1.51719514725e-44,1.51719514725e-44,2.45333985441e-09,1.96180467324e-10,7.83760142664e-11
7.97367992698e-43,3.18947197079e-42,3.18947197079e-42,2.50502346943e-09,2.27027476378e-10,8.33960710421e-11
1.29845208819e-42,5.19380835277e-42,5.19380835277e-42,2.51904886323e-09,2.57380443292e-10,9.26574283884e-11
4.81708712495e-43,1.92683484998e-42,1.92683484998e-42,2.48881935774e-09,2.7742059374e-10,1.0466240067e-10
1.79579117752e-44,7.18316471009e-44,7.18316471009e-44,2.38282486549e-09,2.80014595664e-10,1.14472968639e-10
6.87316048017e-43,2.74926419207e-42,2.74926419207e-42,2.19062580284e-09,2.62768144222e-10,1.17162166843e-10
9.75221965981e-43,3.90088786393e-42,3.90088786393e-42,1.96555943563e-09,2.29697484202e-10,1.12138128983e-10
3.02065238131e-43,1.20826095252e-42,1.20826095252e-42,1.81292887549e-09,1.91184483979e-10,1.03726451381e-10
3.51075993557e-44,1.40430397423e-43,1.40430397423e-43,1.82243875495e-09,1.60697005101e-10,9.79854351743e-11
5.88841041262e-43,2.35536416505e-42,2.35536416505e-42,1.99738528846e-09,1.4850913627e-10,9.88209750421e-11
7.32221340339e-43,2.92888536135e-42,2.92888536135e-42,2.24031118943e-09,1.55577330388e-10,1.05865745128e-10
1.84840325505e-43,7.39361302019e-43,7.39361302019e-43,2.40940814771e-09,1.7206404283e-10,1.15088672784e-10
5.10482735629e-44,2.04193094252e-43,2.04193094252e-43,2.40357251217e-09,1.82511675671e-10,1.21496772047e-10
5.01796420137e-43,2.00718568055e-42,2.00718568055e-42,2.21508880619e-09,1.74754717953e-10,1.21704598108e-10
5.48879761476e-43,2.1955190459e-42,2.1955190459e-42,1.91917755563e-09,1.46676955211e-10,1.14651862827e-10
1.09214195992e-43,4.36856783967e-43,4.36856783967e-43,1.61856612983e-09,1.06669538247e-10,1.01147400635e-10
6.39885008272e-44,2.55954003309e-43,2.55954003309e-43,1.38785540764e-09,6.83486041931e-11,8.36281009293e-11
4.25560979234e-43,1.70224391693e-42,1.70224391693e-42,1.250960311e-09,4.35452795892e-11,6.58581874564e-11
4.10222726308e-43,1.64089090523e-42,1.64089090523e-42,1.19291972979e-09,3.75439178225e-11,5.17192363961e-11
6.13291846318e-44,2.45316738527e-43,2.45316738527e-43,1.18460470895e-09,4.8211118911e-11,4.37434308321e-11
7.34033701402e-44,2.93613480561e-43,2.93613480561e-43,1.1997038355e-09,6.83945267916e-11,4.2678211004e-11
3.59272643525e-43,1.4370905741e-42,1.4370905741e-42,1.21869847515e-09,8.98276641353e-11,4.81731257316e-11
3.05238699296e-43,1.22095479718e-42,1.22095479718e-42,1.22643618911e-09,1.0650516229e-10,5.98130373655e-11
3.1892269452e-44,1.27569077808e-43,1.27569077808e-43,1.21049734531e-09,1.15959742724e-10,7.77628788186e-11
7.94058134162e-44,3.17623253665e-43,3.17623253665e-43,1.16234415331e-09,1.18275382214e-10,1.02156272727e-10
3.01971948211e-43,1.20788779285e-42,1.20788779285e-42,1.07992910559e-09,1.14361755937e-10,1.30951156593e-10
2.25756985285e-43,9.03027941142e-43,9.03027941142e-43,9.70002794861e-10,1.05370638306e-10,1.58201109291e-10
1.4637805273e-44,5.8551221092e-44,5.8551221092e-44,8.48066822766e-10,9.35050361803e-11,1.75655113551e-10
8.24007887798e-44,3.29603155119e-43,3.29603155119e-43,7.33949411392e-10,8.25662563981e-11,1.77569403524e-10
2.52687826516e-43,1.01075130606e-42,1.01075130606e-42,6.43657535538e-10,7.67075519439e-11,1.64772266343e-10
1.65666041117e-43,6.6266416447e-43,6.6266416447e-43,5.82265836261e-10,7.79461351271e-11,1.44434659754e-10
5.32792231942e-45,2.13116892777e-44,2.13116892777e-44,5.432394274e-10,8.45816805988e-11,1.25920589454e-10
8.28982374612e-44,3.31592949845e-43,3.31592949845e-43,5.1477951651e-10,9.20248508351e-11,1.15750493214e-10
2.1048683983e-43,8.41947359319e-43,8.41947359319e-43,4.88063202895e-10,9.55085106965e-11,1.14540003183e-10
1.20362063062e-43,4.81448252247e-43,4.81448252247e-43,4.61479837083e-10,9.27520274109e-11,1.17548506097e-10
1.09432488397e-45,4.37729953586e-45,4.37729953586e-45,4.39256582599e-10,8.48230769871e-11,1.18645918513e-10
8.14153166082e-44,3.25661266433e-43,3.25661266433e-43,4.27054879143e-10,7.47867033127e-11,1.148900509e-10
1.7449947012e-43,6.97997880479e-43,6.97997880479e-43,4.27578471348e-10,6.53250426781e-11,1.07915629815e-10
8.63554877642e-44,3.45421951057e-43,3.45421951057e-43,4.37586507182e-10,5.72720799635e-11,1.01200988382e-10
0.0,0.0,0.0,4.47202069118e-10,5.01486774543e-11,9.63425710084e-11
7.84286235596e-44,3.13714494238e-43,3.13714494238e-43,4.42910440354e-10,4.38622405837e-11,9.19884373231e-11
1.43932216601e-43,5.75728866403e-43,5.75728866403e-43,4.14340527719e-10,3.9640861938e-11,8.58151361508e-11
6.09871668728e-44,2.43948667491e-43,2.43948667491e-43,3.61343520627e-10,3.92085883941e-11,7.70266527235e-11
7.44441947888e-46,2.97776779155e-45,2.97776779155e-45,2.95774319217e-10,4.31023975897e-11,6.70419402208e-11
7.43540715747e-44,2.97416286299e-43,2.97416286299e-43,2.35375304744e-10,4.97938280989e-11,5.8200859157e-11
1.18071085794e-43,4.72284343176e-43,4.72284343176e-43,1.93593488795e-10,5.63252989411e-11,5.20690078069e-11
4.22216135345e-44,1.68886454138e-43,1.68886454138e-43,1.7292896351e-10,5.98110162219e-11,4.89387471943e-11
2.46365724595e-45,9.8546289838e-45,9.8546289838e-45,1.66444161272e-10,5.86997174617e-11,4.85893166918e-11
6.95416841755e-44,2.78166736702e-43,2.78166736702e-43,1.65013867744e-10,5.31633763883e-11,5.09396838895e-11
9.62800304357e-44,3.85120121743e-43,3.85120121743e-43,1.63545835335e-10,4.46553024103e-11,5.56704903895e-11
2.84950056214e-44,1.13980022486e-43,1.13980022486e-43,1.61601369679e-10,3.51155878515e-11,6.16100923173e-11
4.59344455387e-45,1.83737782155e-44,1.83737782155e-44,1.59778410826e-10,2.63627331274e-11,6.71264280416e-11
6.42780687481e-44,2.57112274992e-43,2.57112274992e-43,1.56784518514e-10,1.98865902313e-11,7.12432693392e-11
7.79965826039e-44,3.11986330415e-43,3.11986330415e-43,1.50318558392e-10,1.68051484303e-11,7.40991073236e-11
1.86024897653e-44,7.44099590613e-44,7.44099590613e-44,1.40303637716e-10,1.76477653521e-11,7.63791032399e-11
6.77533229673e-45,2.71013291869e-44,2.71013291869e-44,1.30522270648e-10,2.20120683982e-11,7.87807036035e-11
5.87924893125e-44,2.3516995725e-43,2.3516995725e-43,1.26411018399e-10,2.85105904334e-11,8.21961176086e-11
6.27260834498e-44,2.50904333799e-43,2.50904333799e-43,1.30559659759e-10,3.52609865302e-11,8.78556578397e-11
1.16139622132e-44,4.6455848853e-44,4.6455848853e-44,1.3967849088e-10,4.0655097333e-11,9.64882121257e-11
8.7915298343e-45,3.51661193372e-44,3.51661193372e-44,1.45725686127e-10,4.38911789501e-11,1.06945769205e-10
5.32642802152e-44,2.13057120861e-43,2.13057120861e-43,1.40730918811e-10,4.50153378203e-11,1.15822918108e-10
5.00353706798e-44,2.00141482719e-43,2.00141482719e-43,1.22151129723e-10,4.46169514708e-11,1.1895626899e-10
6.81066771062e-45,2.72426708425e-44,2.72426708425e-44,9.51372056875e-11,4.34435347877e-11,1.13909835803e-10
1.05197689339e-44,4.20790757357e-44,4.20790757357e-44,7.00126436257e-11,4.20781257453e-11,1.01446517347e-10
4.78303917935e-44,1.91321567174e-43,1.91321567174e-43,5.6343332014e-11,4.07283361478e-11,8.47969688998e-11
3.95464386464e-44,1.58185754586e-43,1.58185754586e-43,5.73431636104e-11,3.91818424139e-11,6.75947836588e-11
3.6371445704e-45,1.45485782816e-44,1.45485782816e-44,6.83618255109e-11,3.69603486656e-11,5.24463311519e-11
1.1901877116e-44,4.76075084639e-44,4.76075084639e-44,8.04952816141e-11,3.36162841955e-11,4.09701908332e-11
4.25924597059e-44,1.70369838824e-43,1.70369838824e-43,8.66403777866e-11,2.90562873101e-11,3.42638912168e-11
3.09303656093e-44,1.23721462437e-43,1.23721462437e-43,8.54960447234e-11,2.37639678217e-11,3.25962358723e-11
1.66457094997e-45,6.65828379989e-45,6.65828379989e-45,8.08058415369e-11,1.87771158659e-11,3.47286844074e-11
1.29218894688e-44,5.16875578752e-44,5.16875578752e-44,7.71327543271e-11,1.53118964448e-11,3.82305677672e-11
3.76231289523e-44,1.50492515809e-43,1.50492515809e-43,7.61014095637e-11,1.41426534598e-11,4.10710190825e-11
2.39016639677e-44,9.56066558709e-44,9.56066558709e-44,7.60192859918e-11,1.51308624397e-11,4.31120875364e-11
5.62643804623e-46,2.25057521849e-45,2.25057521849e-45,7.43644601632e-11,1.73077928127e-11,4.60208164729e-11
1.35908207648e-44,5.43632830593e-44,5.43632830593e-44,7.02768132744e-11,1.95190119344e-11,5.16183658182e-11
3.29715507053e-44,1.31886202821e-43,1.31886202821e-43,6.49350163399e-11,2.11695017215e-11,6.00828865706e-11
1.82131230235e-44,7.28524920941e-44,7.28524920941e-44,6.02204196073e-11,2.2514393937e-11,6.94356997721e-11
7.78879126664e-47,3.11551650665e-46,3.11551650665e-46,5.75023779433e-11,2.42902181934e-11,7.65952867169e-11
1.39361081304e-44,5.57444325218e-44,5.57444325218e-44,5.75347535637e-11,2.69616352558e-11,7.90943128568e-11
2.86680689159e-44,1.14672275664e-43,1.14672275664e-43,6.07772936602e-11,3.01341422144e-11,7.62323714805e-11
1.36511615371e-44,5.46046461483e-44,5.46046461483e-44,6.70367557999e-11,3.25993013639e-11,6.90574765388e-11
1.68420711254e-47,6.73682845016e-47,6.73682845016e-47,7.45079292106e-11,3.305434754e-11,5.94685427664e-11
1.39943396591e-44,5.59773586364e-44,5.59773586364e-44,7.95269679757e-11,3.10077702267e-11,4.91961355933e-11
2.47281617923e-44,9.89126471692e-44,9.89126471692e-44,7.80673433818e-11,2.71730882346e-11,3.92773914655e-11
1.00316766853e-44,4.01267067411e-44,4.01267067411e-44,6.83504444012e-11,2.30259052221e-11,3.01700505837e-11
2.32967331381e-46,9.31869325525e-46,9.31869325525e-46,5.2562371505e-11,1.98753162172e-11,2.21842209149e-11
1.38062998316e-44,5.52251993263e-44,5.52251993263e-44,3.60459535642e-11,1.81635899858e-11,1.57285557711e-11
2.1155722782e-44,8.46228911279e-44,8.46228911279e-44,2.4301034811e-11,1.74611857849e-11,1.1138617344e-11
7.19635918477e-45,2.87854367391e-44,2.87854367391e-44,1.99538302856e-11,1.70732375301e-11,8.36488215338e-12
6.16412198931e-46,2.46564879572e-45,2.46564879572e-45,2.1864901481e-11,1.67972812395e-11,6.98846855548e-12
1.34136498831e-44,5.36545995326e-44,5.36545995326e-44,2.67199632637e-11,1.73261997736e-11,6.64349825914e-12
1.79457695774e-44,7.17830783094e-44,7.17830783094e-44,3.14965673654e-11,1.99697285855e-11,7.39572666829e-12
5.00943615318e-45,2.00377446127e-44,2.00377446127e-44,3.48703051071e-11,2.57244026182e-11,9.58596391603e-12
1.08598278219e-45,4.34393112878e-45,4.34393112878e-45,3.69681180535e-11,3.42182431268e-11,1.31686041232e-11
1.28567612262e-44,5.1427044905e-44,5.1427044905e-44,3.83430031666e-11,4.33761698059e-11,1.71540918789e-11
1.50866654348e-44,6.03466617391e-44,6.03466617391e-44,3.92721750129e-11,5.03326075791e-11,1.98438842841e-11
3.3548003914e-45,1.34192015656e-44,1.34192015656e-44,3.96725697425e-11,5.3165629401e-11,1.99587380857e-11
1.58282346741e-45,6.33129386964e-45,6.33129386964e-45,3.92744286941e-11,5.21940263122e-11,1.78870906792e-11
1.21733600883e-44,4.86934403532e-44,4.86934403532e-44,3.77876613595e-11,4.97282622816e-11,1.58992977171e-11
1.25619291246e-44,5.02477164986e-44,5.02477164986e-44,3.51198919e-11,4.83276017683e-11,1.68271076541e-11
2.13348509339e-45,8.53394037356e-45,8.53394037356e-45,3.16406076053e-11,4.88365576283e-11,2.20011488799e-11
2.06543102211e-45,8.26172408843e-45,8.26172408843e-45,2.82190164586e-11,4.9699908411e-11,3.00201357556e-11
1.13977401217e-44,4.55909604867e-44,4.55909604867e-44,2.58511583239e-11,4.81009526328e-11,3.73948696822e-11
1.03517004917e-44,4.14068019668e-44,4.14068019668e-44,2.51133301259e-11,4.21153494034e-11,4.06615945342e-11
1.26144506261e-45,5.04578025044e-45,5.04578025044e-45,2.5863064597e-11,3.23467595746e-11,3.84235209802e-11
2.50571293125e-45,1.0022851725e-44,1.0022851725e-44,2.73311172952e-11,2.18949081018e-11,3.19062852486e-11
1.05603695491e-44,4.22414781965e-44,4.22414781965e-44,2.84511014836e-11,1.46854992874e-11,2.38542354712e-11
8.43391928657e-45,3.37356771463e-44,3.37356771463e-44,2.83240942961e-11,1.33177089191e-11,1.68334690367e-11
6.67608567325e-46,2.6704342693e-45,2.6704342693e-45,2.68124352189e-11,1.78488809214e-11,1.21757286311e-11
2.88586700668e-45,1.15434680267e-44,1.15434680267e-44,2.49889091014e-11,2.61543117894e-11,9.93043910338e-12
9.68776900026e-45,3.8751076001e-44,3.8751076001e-44,2.48596861217e-11,3.53217900615e-11,9.35385187386e-12
6.78526622655e-45,2.71410649062e-44,2.71410649062e-44,2.81627262174e-11,4.2951811653e-11,9.4541300752e-12
2.92167365891e-46,1.16866946356e-45,1.16866946356e-45,3.50335842295e-11,4.76604035406e-11,9.5421878749e-12
3.19590951319e-45,1.27836380528e-44,1.27836380528e-44,4.37727438569e-11,4.89687315583e-11,9.75797185328e-12
8.80257160683e-45,3.52102864273e-44,3.52102864273e-44,5.2032051152e-11,4.71696301477e-11,1.11576634025e-11
5.38190749254e-45,2.15276299702e-44,2.15276299702e-44,5.82977230309e-11,4.33706661303e-11,1.498004118e-11
8.50759142409e-47,3.40303656963e-46,3.40303656963e-46,6.22726733464e-11,3.93410078908e-11,2.14602630742e-11
3.43171730036e-45,1.37268692014e-44,1.37268692014e-44,6.40648228135e-11,3.68141675343e-11,2.92086923168e-11
7.92370225937e-45,3.16948090375e-44,3.16948090375e-44,6.3431161986e-11,3.65307114598e-11,3.58306521119e-11
4.20007712882e-45,1.68003085153e-44,1.68003085153e-44,6.00786432374e-11,3.77833517091e-11,3.93730061989e-11
4.73409893895e-48,1.89363957558e-47,1.89363957558e-47,5.45492536748e-11,3.8931384341e-11,3.94624644309e-11
3.59347872319e-45,1.43739148928e-44,1.43739148928e-44,4.84257731982e-11,3.85354000064e-11,3.73307722907e-11
7.06663114081e-45,2.82665245633e-44,2.82665245633e-44,4.34657017261e-11,3.62585981782e-11,3.48579299148e-11
3.21652605451e-45,1.2866104218e-44,1.2866104218e-44,4.06118085602e-11,3.29609618611e-11,3.33793103645e-11
1.68309439472e-47,6.73237757887e-47,6.73237757887e-47,3.98952515082e-11,3.01125166595e-11,3.29411322318e-11
3.68447067296e-45,1.47378826918e-44,1.47378826918e-44,4.10415987652e-11,2.90521038695e-11,3.23358736034e-11
6.24366973393e-45,2.49746789357e-44,2.49746789357e-44,4.37754374045e-11,3.04553727271e-11,2.99612942656e-11
2.4088615364e-45,9.6354461456e-45,9.6354461456e-45,4.74492124942e-11,3.4038317042e-11,2.5173432361e-11
9.33295477256e-47,3.73318190903e-46,3.73318190903e-46,5.07640771723e-11,3.84766206078e-11,1.92547929842e-11
3.71009647347e-45,1.48403858939e-44,1.48403858939e-44,5.23954299768e-11,4.17174694191e-11,1.4993205562e-11
5.46428694776e-45,2.18571477911e-44,2.18571477911e-44,5.21551887713e-11,4.18402766912e-11,1.48093277635e-11
1.75579690929e-45,7.02318763715e-45,7.02318763715e-45,5.14200922581e-11,3.81682495983e-11,1.88133661082e-11
2.11576024587e-46,8.46304098348e-46,8.46304098348e-46,5.21202126538e-11,3.18539722855e-11,2.45357329288e-11
3.67713292775e-45,1.4708531711e-44,1.4708531711e-44,5.50342866476e-11,2.53036446112e-11,2.86746389933e-11
4.73542980744e-45,1.89417192298e-44,1.89417192298e-44,5.88983700593e-11,2.06679161888e-11,2.93606270345e-11
1.23732794244e-45,4.94931176975e-45,4.94931176975e-45,6.11545856527e-11,1.85005973528e-11,2.70736563737e-11
3.53517442313e-46,1.41406976925e-45,1.41406976925e-45,5.97950179226e-11,1.76755536318e-11,2.37370093203e-11
3.59314536648e-45,1.43725814659e-44,1.43725814659e-44,5.4941438964e-11,1.66251104871e-11,2.10931543133e-11
4.06183806702e-45,1.62473522681e-44,1.62473522681e-44,4.90734965997e-11,1.48065524635e-11,1.97595115886e-11
8.34849450377e-46,3.33939780151e-45,3.33939780151e-45,4.57741858979e-11,1.31221182181e-11,1.94310230682e-11
5.05015693954e-46,2.02006277581e-45,2.02006277581e-45,4.77692066282e-11,1.30193978475e-11,1.96603159035e-11
3.46603781537e-45,1.38641512615e-44,1.38641512615e-44,5.53947045075e-11,1.52182255247e-11,2.03524178124e-11
3.44634564097e-45,1.37853825639e-44,1.37853825639e-44,6.63364523089e-11,1.92523083789e-11,2.15758013142e-11
5.31223424555e-46,2.12489369822e-45,2.12489369822e-45,7.67794206219e-11,2.40901132332e-11,2.30102757553e-11
6.55245934306e-46,2.62098373722e-45,2.62098373722e-45,8.33841913555e-11,2.90224714885e-11,2.37411401519e-11
3.30371190764e-45,1.32148476306e-44,1.32148476306e-44,8.5082982516e-11,3.38846718353e-11,2.2826463208e-11
2.89016429617e-45,1.15606571847e-44,1.15606571847e-44,8.36946298292e-11,3.85366623741e-11,2.02917290387e-11
3.1080804884e-46,1.24323219536e-45,1.24323219536e-45,8.28331985392e-11,4.23430702131e-11,1.76304629405e-11
7.96169678736e-46,3.18467871494e-45,3.18467871494e-45,8.54946589271e-11,4.431974728e-11,1.71369941728e-11
3.11381330721e-45,1.24552532288e-44,1.24552532288e-44,9.16992806997e-11,4.38404477397e-11,2.03600868045e-11
2.39314687283e-45,9.57258749131e-45,9.57258749131e-45,9.78811254389e-11,4.12067252287e-11,2.68042124577e-11
1.59455381658e-46,6.37821526632e-46,6.37821526632e-46,9.87562674966e-11,3.75234287172e-11,3.39291674734e-11
9.22073928694e-46,3.68829571478e-45,3.68829571478e-45,9.06070802709e-11,3.39564126084e-11,3.85355455225e-11
2.90354847819e-45,1.16141939128e-44,1.16141939128e-44,7.37352864628e-11,3.09780874797e-11,3.85838427668e-11
1.95402860336e-45,7.81611441342e-45,7.81611441342e-45,5.24077879726e-11,2.82344759761e-11,3.42181064553e-11
6.44841823328e-47,2.57936729331e-46,2.57936729331e-46,3.2514069353e-11,2.51838556865e-11,2.7411056618e-11
1.02916877996e-45,4.11667511984e-45,4.11667511984e-45,1.86913048941e-11,2.19799606182e-11,2.06441175278e-11
2.67955788552e-45,1.07182315421e-44,1.07182315421e-44,1.26393742058e-11,1.97421411759e-11,1.56133239941e-11
1.57064602253e-45,6.28258409012e-45,6.28258409012e-45,1.31413466575e-11,1.97909868991e-11,1.27491215002e-11
1.4633281311e-47,5.8533125244e-47,5.8533125244e-47,1.72363589339e-11,2.24065702101e-11,1.16189239012e-11
1.11523690688e-45,4.4609476275e-45,4.4609476275e-45,2.17506750953e-11,2.62786115712e-11,1.16604503518e-11
2.44783430025e-45,9.79133720098e-45,9.79133720098e-45,2.45971361403e-11,2.93126396254e-11,1.26175760532e-11
1.24013360852e-45,4.9605344341e-45,4.9605344341e-45,2.53858969591e-11,3.01838868728e-11,1.44635300351e-11
0.0,0.0,0.0,2.50782333722e-11,2.92528089158e-11,1.70659818306e-11
1.17932912346e-45,4.71731649385e-45,4.71731649385e-45,2.49643450759e-11,2.80233485788e-11,1.99906595249e-11
2.21367696508e-45,8.85470786033e-45,8.85470786033e-45,2.58023876172e-11,2.76977874401e-11,2.26212883854e-11
9.59098742719e-46,3.83639497087e-45,3.83639497087e-45,2.77758412466e-11,2.8181902768e-11,2.44546453739e-11
1.19673854942e-47,4.78695419767e-47,4.78695419767e-47,3.10088558144e-11,2.83743694344e-11,2.52951711127e-11
1.22150091369e-45,4.88600365477e-45,4.88600365477e-45,3.57554418892e-11,2.73407226654e-11,2.52114022926e-11
1.98167405467e-45,7.92669621868e-45,7.92669621868e-45,4.18831248168e-11,2.52403678645e-11,2.43698915446e-11
7.23775878108e-46,2.89510351243e-45,2.89510351243e-45,4.8343641468e-11,2.32225907577e-11,2.29697684513e-11
4.31234078007e-47,1.72493631203e-46,1.72493631203e-46,5.35739663657e-11,2.24607140899e-11,2.13465463519e-11
1.24258541847e-45,4.97034167388e-45,4.97034167388e-45,5.67497114808e-11,2.31690093275e-11,2.00665991207e-11
1.75570721885e-45,7.0228288754e-45,7.0228288754e-45,5.86837205087e-11,2.43784379853e-11,1.97818837728e-11
5.30161003736e-46,2.12064401494e-45,2.12064401494e-45,6.13298279532e-11,2.46214825208e-11,2.08381271521e-11
8.71747513101e-47,3.4869900524e-46,3.4869900524e-46,6.6229475768e-11,2.30105346565e-11,2.29064285038e-11
1.24399887752e-45,4.97599551009e-45,4.97599551009e-45,7.33234895051e-11,1.99299975408e-11,2.49643651747e-11
1.53897310608e-45,6.15589242431e-45,6.15589242431e-45,8.11679423948e-11,1.6845139827e-11,2.57372260445e-11
3.74127615387e-46,1.49651046155e-45,1.49651046155e-45,8.81863948066e-11,1.53605583109e-11,2.43964425333e-11
1.38857399353e-46,5.55429597412e-46,5.55429597412e-46,9.36454631218e-11,1.61961615775e-11,2.11175561846e-11
1.22757496597e-45,4.91029986388e-45,4.91029986388e-45,9.7464746365e-11,1.87930917337e-11,1.71490096549e-11
1.33401766056e-45,5.33607064223e-45,5.33607064223e-45,9.92488752668e-11,2.17853918992e-11,1.43200989165e-11
2.51525471939e-46,1.00610188776e-45,1.00610188776e-45,9.77503471009e-11,2.39538576291e-11,1.42561400879e-11
1.93845845838e-46,7.75383383352e-46,7.75383383352e-46,9.15373765933e-11,2.49803557987e-11,1.77328768803e-11
1.19542484397e-45,4.78169937587e-45,4.78169937587e-45,8.03871917646e-11,2.55141812895e-11,2.44621902309e-11
1.14277973142e-45,4.57111892568e-45,4.57111892568e-45,6.60920900043e-11,2.65529660751e-11,3.32747754561e-11
1.58263444279e-46,6.33053777115e-46,6.33053777115e-46,5.18070898896e-11,2.8595268062e-11,4.24373667371e-11
2.48662458443e-46,9.94649833771e-46,9.94649833771e-46,4.03819556848e-11,3.11818776739e-11,4.99136087031e-11
1.14982006813e-45,4.59928027253e-45,4.59928027253e-45,3.30113606032e-11,3.31971206091e-11,5.36576916459e-11
9.66641141202e-46,3.86656456481e-45,3.86656456481e-45,2.91562156356e-11,3.37444119805e-11,5.21746259027e-11
9.03777678148e-47,3.61511071259e-46,3.61511071259e-46,2.7530630595e-11,3.29064919905e-11,4.53235555698e-11
3.00588253995e-46,1.20235301598e-45,1.20235301598e-45,2.72360893724e-11,3.17157763218e-11,3.48541353938e-11
1.09309579706e-45,4.37238318823e-45,4.37238318823e-45,2.83931069707e-11,3.13037227994e-11,2.40153057162e-11
8.06480865129e-46,3.22592346051e-45,3.22592346051e-45,3.22356988362e-11,3.19519482769e-11,1.61326576931e-11
4.4086990027e-47,1.76347960108e-46,1.76347960108e-46,4.07818665459e-11,3.28933385938e-11,1.29487822023e-11
3.47576120938e-46,1.39030448375e-45,1.39030448375e-45,5.59577998619e-11,3.30408457664e-11,1.38865915295e-11
1.02757197493e-45,4.11028789971e-45,4.11028789971e-45,7.81450934806e-11,3.20072914666e-11,1.67559094582e-11
6.62731400592e-46,2.65092560237e-45,2.65092560237e-45,1.04741752977e-10,3.06033472659e-11,1.92954949976e-11
1.58348745112e-47,6.3339498045e-47,6.3339498045e-47,1.29812277373e-10,3.05221958617e-11,2.0363831089e-11
3.88167329076e-46,1.5526693163e-45,1.5526693163e-45,1.45572661848e-10,3.35005857747e-11,2.00643325894e-11
9.55490393808e-46,3.82196157523e-45,3.82196157523e-45,1.45445471544e-10,4.03925549862e-11,1.90847053437e-11
5.35435753538e-46,2.14174301415e-45,2.14174301415e-45,1.27420394405e-10,5.04830936107e-11,1.80658019162e-11
2.32248121194e-48,9.28992484777e-48,9.28992484777e-48,9.59958331338e-11,6.13971151529e-11,1.74712510446e-11
4.21411997649e-46,1.6856479906e-45,1.6856479906e-45,6.12796179638e-11,6.99941740217e-11,1.77216235605e-11
8.78965728432e-46,3.51586291373e-45,3.51586291373e-45,3.50359099513e-11,7.4163439619e-11,1.91176713372e-11
4.24303771273e-46,1.69721508509e-45,1.69721508509e-45,2.53435265599e-11,7.44774027506e-11,2.1516593517e-11
5.305948353e-49,2.1223793412e-48,2.1223793412e-48,3.2915734405e-11,7.41996621688e-11,2.42184840775e-11
4.46794045719e-46,1.78717618288e-45,1.78717618288e-45,5.15093621613e-11,7.71021406401e-11,2.63803351424e-11
7.9994880891e-46,3.19979523564e-45,3.19979523564e-45,7.21074617871e-11,8.44620142713e-11,2.76256954027e-11
3.28766801745e-46,1.31506720698e-45,1.31506720698e-45,8.77923241222e-11,9.36880033301e-11,2.81828867803e-11
7.73362118886e-48,3.09344847554e-47,3.09344847554e-47,9.59849017021e-11,9.99421139247e-11,2.83632473125e-11
4.6416102104e-46,1.85664408416e-45,1.85664408416e-45,9.72670160206e-11,9.96216310298e-11,2.79723340906e-11
7.20200549379e-46,2.88080219752e-45,2.88080219752e-45,9.28422826806e-11,9.29397436627e-11,2.63774605021e-11
2.48029873798e-46,9.92119495192e-46,9.92119495192e-46,8.32297138481e-11,8.36487937295e-11,2.32171584923e-11
2.15060156817e-47,8.60240627268e-47,8.60240627268e-47,6.89572631352e-11,7.6405616402e-11,1.89728059124e-11
4.73659089666e-46,1.89463635867e-45,1.89463635867e-45,5.19845349684e-11,7.40799992731e-11,1.47433715664e-11
6.41275088986e-46,2.56510035594e-45,2.56510035594e-45,3.61433170111e-11,7.6945794494e-11,1.14499680107e-11
1.8112077757e-46,7.24483110279e-46,7.24483110279e-46,2.59233906821e-11,8.37975906466e-11,9.3209200219e-12
3.97222505231e-47,1.58889002092e-46,1.58889002092e-46,2.42236611144e-11,9.3494128116e-11,8.15273211949e-12
4.75673369606e-46,1.90269347842e-45,1.90269347842e-45,3.04103229532e-11,1.05469009414e-10,7.93569176197e-12
5.64510826295e-46,2.25804330518e-45,2.25804330518e-45,4.00273171075e-11,1.18986730989e-10,9.02733170106e-12
1.269355795e-46,5.07742318e-46,5.07742318e-46,4.67590373797e-11,1.32082422558e-10,1.16063959159e-11
6.05512681522e-47,2.42205072609e-46,2.42205072609e-46,4.58593633718e-11,1.41339121128e-10,1.50116752988e-11
4.70773704388e-46,1.88309481755e-45,1.88309481755e-45,3.7009704546e-11,1.42997749911e-10,1.77946084147e-11
4.91028143813e-46,1.96411257525e-45,1.96411257525e-45,2.46191546312e-11,1.34944469417e-10,1.8647202156e-11
8.42802428801e-47,3.37120971521e-46,3.37120971521e-46,1.52471461302e-11,1.18409771836e-10,1.74918458639e-11
8.24463088334e-47,3.29785235333e-46,3.29785235333e-46,1.39015179238e-11,9.81187339903e-11,1.5788335761e-11
4.59665894916e-46,1.83866357966e-45,1.83866357966e-45,2.16967995081e-11,8.03995557051e-11,1.57182077747e-11
4.21732723802e-46,1.68693089521e-45,1.68693089521e-45,3.61561169854e-11,7.01723981987e-11,1.87889852187e-11
5.19081398367e-47,2.07632559347e-46,2.07632559347e-46,5.34077224371e-11,6.87984580178e-11,2.48311002513e-11
1.04130939736e-46,4.16523758946e-46,4.16523758946e-46,7.0365819435e-11,7.42844312088e-11,3.20454365388e-11
4.43148340638e-46,1.77259336255e-45,1.77259336255e-45,8.54797221072e-11,8.3362206813e-11,3.80001738631e-11
3.57323456688e-46,1.42929382675e-45,1.42929382675e-45,9.81128246249e-11,9.33098794126e-11,4.08643625148e-11
2.85533411076e-47,1.1421336443e-46,1.1421336443e-46,1.07682892986e-10,1.01947882371e-10,4.01238825502e-11
1.24582052907e-46,4.9832821163e-46,4.9832821163e-46,1.13509318593e-10,1.06610797219e-10,3.65047911941e-11
4.22073981144e-46,1.68829592457e-45,1.68829592457e-45,1.1527167098e-10,1.04315030302e-10,3.1384612184e-11
2.98304033592e-46,1.19321613437e-45,1.19321613437e-45,1.13273275527e-10,9.38666046085e-11,2.61665836851e-11
1.29596549128e-47,5.18386196511e-47,5.18386196511e-47,1.08055485708e-10,7.78423075778e-11,2.18842763269e-11
1.43010538705e-46,5.72042154821e-46,5.72042154821e-46,9.98245021465e-11,6.17990461886e-11,1.90289604046e-11
3.97317378174e-46,1.5892695127e-45,1.5892695127e-45,8.8488212123e-11,5.08621350659e-11,1.75415612872e-11
2.44997402063e-46,9.79989608251e-46,9.79989608251e-46,7.44140593177e-11,4.69003523612e-11,1.70064439355e-11
3.90545994621e-48,1.56218397848e-47,1.56218397848e-47,5.91117396349e-11,4.90096471956e-11,1.70441720993e-11
1.5884028209e-46,6.3536112836e-46,6.3536112836e-46,4.50069712537e-11,5.63188328735e-11,1.76780235143e-11
3.69746733472e-46,1.47898693389e-45,1.47898693389e-45,3.43742761712e-11,6.95276319929e-11,1.93398442019e-11
1.97562345108e-46,7.90249380434e-46,7.90249380434e-46,2.8316676919e-11,8.92336720475e-11,2.242892768e-11
2.24439233446e-49,8.97756933785e-49,8.97756933785e-49,2.65403579598e-11,1.1308754726e-10,2.67607420214e-11
1.71686069114e-46,6.86744276454e-46,6.86744276454e-46,2.78425063946e-11,1.3544419891e-10,3.13968641865e-11
3.40200599451e-46,1.3608023978e-45,1.3608023978e-45,3.07109791394e-11,1.50556285898e-10,3.50458454811e-11
1.5601152149e-46,6.24046085958e-46,6.24046085958e-46,3.37038294844e-11,1.56459359511e-10,3.67560896534e-11
8.22374084764e-49,3.28949633906e-48,3.28949633906e-48,3.57771444383e-11,1.55786335708e-10,3.64199906947e-11
1.81330932824e-46,7.25323731296e-46,7.25323731296e-46,3.66877801832e-11,1.52666855672e-10,3.47994009978e-11
3.09469009316e-46,1.23787603726e-45,1.23787603726e-45,3.71043666101e-11,1.48531428849e-10,3.31284204606e-11
1.20230378278e-46,4.8092151311e-46,4.8092151311e-46,3.79921708131e-11,1.40579767212e-10,3.25653919517e-11
4.69020067869e-48,1.87608027147e-47,1.87608027147e-47,3.96315485148e-11,1.24307386828e-10,3.37734361798e-11
1.87703410484e-46,7.50813641935e-46,7.50813641935e-46,4.14437759827e-11,9.80947980553e-11,3.67887161032e-11
2.7827872684e-46,1.11311490736e-45,1.11311490736e-45,4.33283700152e-11,6.61866146994e-11,4.11645653322e-11
8.99964174856e-47,3.59985669942e-46,3.59985669942e-46,4.7458204663e-11,3.75292197922e-11,4.62111416892e-11
1.0913567115e-47,4.36542684599e-47,4.36542684599e-47,5.82596619156e-11,2.09516864027e-11,5.10980194254e-11
1.90855126832e-46,7.63420507328e-46,7.63420507328e-46,7.94776232653e-11,1.9928431851e-11,5.47698528929e-11
2.47282295792e-46,9.89129183169e-46,9.89129183169e-46,1.10229676139e-10,3.06662786875e-11,5.59481914996e-11
6.4998364062e-47,2.59993456248e-46,2.59993456248e-46,1.43762984067e-10,4.49806892319e-11,5.35874851242e-11
1.86791566014e-47,7.47166264057e-47,7.47166264057e-47,1.70801423903e-10,5.58886269206e-11,4.77349459989e-11
1.9093906422e-46,7.63756256882e-46,7.63756256882e-46,1.85148379775e-10,6.17709849079e-11,4.00891738194e-11
2.17050554885e-46,8.68202219539e-46,8.68202219539e-46,1.86804971916e-10,6.61378553661e-11,3.34300177274e-11
4.48548470299e-47,1.79419388119e-46,1.79419388119e-46,1.80079374431e-10,7.35911582888e-11,2.99457713038e-11
2.72780637488e-47,1.09112254995e-46,1.09112254995e-46,1.69001567823e-10,8.55119522724e-11,2.96832407402e-11
1.88188826671e-46,7.52755306683e-46,7.52755306683e-46,1.54793799833e-10,9.88432073363e-11,3.05825215998e-11
1.8806827404e-46,7.52273096159e-46,7.52273096159e-46,1.37562255073e-10,1.08489017467e-10,3.02751486058e-11
2.91322649828e-47,1.16529059931e-46,1.16529059931e-46,1.19604057714e-10,1.11044984593e-10,2.81177021427e-11
3.61065255412e-47,1.44426102165e-46,1.44426102165e-46,1.06010580743e-10,1.0707857564e-10,2.56022078995e-11
1.82899153547e-46,7.31596614187e-46,7.31596614187e-46,1.01395348254e-10,1.00784708537e-10,2.48272469064e-11
1.60732562433e-46,6.42930249733e-46,6.42930249733e-46,1.05968912543e-10,9.76916540841e-11,2.65886363297e-11
1.73615641462e-47,6.94462565847e-47,6.94462565847e-47,1.14968133342e-10,1.01896923035e-10,2.98878769593e-11
4.46643182903e-47,1.78657273161e-46,1.78657273161e-46,1.21964227373e-10,1.14183452575e-10,3.30799094882e-11
1.75407889778e-46,7.0163155911e-46,7.0163155911e-46,1.22831373784e-10,1.31810279119e-10,3.52800340206e-11
1.35353698698e-46,5.4141479479e-46,5.4141479479e-46,1.17071014538e-10,1.49898477285e-10,3.66890700102e-11
9.05371154078e-48,3.62148461631e-47,3.62148461631e-47,1.06329235595e-10,1.63391943353e-10,3.78707326947e-11
5.25511352847e-47,2.10204541139e-46,2.10204541139e-46,9.25367529889e-11,1.68386566765e-10,3.90214549319e-11
1.660795725e-46,6.64318290001e-46,6.64318290001e-46,7.75816853144e-11,1.62591771913e-10,3.99282697485e-11
1.12158036637e-46,4.48632146548e-46,4.48632146548e-46,6.40474080027e-11,1.45755035261e-10,4.03475289595e-11
3.71369517027e-48,1.48547806811e-47,1.48547806811e-47,5.5343487382e-11,1.20545964437e-10,4.02202957504e-11
5.94612595644e-47,2.37845038257e-46,2.37845038257e-46,5.46284658029e-11,9.29106861108e-11,3.9640545319e-11
1.55290749333e-46,6.21162997332e-46,6.21162997332e-46,6.3535318045e-11,7.0376795565e-11,3.88968742817e-11
9.129264727e-47,3.6517058908e-46,3.6517058908e-46,8.18221308115e-11,5.84779599635e-11,3.86246810349e-11
8.52931052583e-49,3.41172421033e-48,3.41172421033e-48,1.07826657706e-10,5.77501968409e-11,3.96567702567e-11
6.5176840788e-47,2.60707363152e-46,2.60707363152e-46,1.38820061124e-10,6.38236088103e-11,4.23581656944e-11
1.4341710293e-46,5.7366841172e-46,5.7366841172e-46,1.70994198212e-10,7.05598308791e-11,4.59558946523e-11
7.28313688685e-47,2.91325475474e-46,2.91325475474e-46,1.99804829852e-10,7.3634356711e-11,4.86619575719e-11
0.0,0.0,0.0,2.21188133191e-10,7.2044827381e-11,4.8713623535e-11
6.95600764397e-47,2.78240305759e-46,2.78240305759e-46,2.32912245068e-10,6.72930067377e-11,4.54998684796e-11
1.30822416974e-46,5.23289667894e-46,5.23289667894e-46,2.34740344403e-10,6.1791813893e-11,3.98059416592e-11
5.67819504532e-47,2.27127801813e-46,2.27127801813e-46,2.27206161948e-10,5.78294212911e-11,3.30699262943e-11
7.09677276609e-49,2.83870910644e-48,2.83870910644e-48,2.10485245334e-10,5.71506016981e-11,2.64556377961e-11
7.25445847948e-47,2.90178339179e-46,2.90178339179e-46,1.85001176496e-10,6.06275006705e-11,2.05595240269e-11
1.17849383886e-46,4.71397535545e-46,4.71397535545e-46,1.53574943003e-10,6.79138243358e-11,1.57931674043e-11
4.30939913555e-47,1.72375965422e-46,1.72375965422e-46,1.22975217524e-10,7.7428683291e-11,1.28360641729e-11
2.57025458749e-48,1.028101835e-47,1.028101835e-47,1.02793021247e-10,8.68434670958e-11,1.26597538296e-11
7.41262416634e-47,2.96504966654e-46,2.96504966654e-46,1.0167734655e-10,9.38200588309e-11,1.61975346421e-11
1.04812222052e-46,4.19248888209e-46,4.19248888209e-46,1.23112928217e-10,9.66503111071e-11,2.40459170803e-11
3.16673978196e-47,1.26669591279e-46,1.26669591279e-46,1.63261802185e-10,9.46445547676e-11,3.63372678203e-11
5.20918667927e-48,2.08367467171e-47,2.08367467171e-47,2.11973319691e-10,8.82387950244e-11,5.25323464628e-11
7.4353735098e-47,2.97414940392e-46,2.97414940392e-46,2.5630442676e-10,7.87715898838e-11,7.09368354919e-11
9.19910418447e-47,3.67964167379e-46,3.67964167379e-46,2.84912101001e-10,6.79586744688e-11,8.82916733729e-11
2.23611003148e-47,8.94444012593e-47,8.94444012593e-47,2.91592617774e-10,5.73114730339e-11,1.00195172701e-10
8.29712375103e-48,3.31884950041e-47,3.31884950041e-47,2.76703873173e-10,4.78340993658e-11,1.02733967387e-10
7.33190705938e-47,2.93276282375e-46,2.93276282375e-46,2.46044663882e-10,4.01057773351e-11,9.46450458781e-11
7.96278737853e-47,3.18511495141e-46,3.18511495141e-46,2.078416507e-10,3.4505791775e-11,7.85363701681e-11
1.50017970395e-47,6.00071881579e-47,6.00071881579e-47,1.69365374776e-10,3.12349720226e-11,6.00419993269e-11
1.15504163447e-47,4.62016653789e-47,4.62016653789e-47,1.34807713154e-10,3.00652391218e-11,4.51710078413e-11
7.11482387165e-47,2.84592954866e-46,2.84592954866e-46,1.05269491659e-10,3.01534104002e-11,3.74397736586e-11
6.79242511221e-47,2.71697004488e-46,2.71697004488e-46,8.04722538647e-11,3.03558952175e-11,3.65711706489e-11
9.39251461006e-48,3.75700584402e-47,3.75700584402e-47,6.08286206671e-11,3.00560767185e-11,3.9466174689e-11
1.47322007056e-47,5.89288028224e-47,5.89288028224e-47,4.83600407074e-11,2.98522641261e-11,4.26411686796e-11
6.79922318796e-47,2.71968927518e-46,2.71968927518e-46,4.57985545266e-11,3.12408460329e-11,4.44436277198e-11
5.7040219601e-47,2.28160878404e-46,2.28160878404e-46,5.4562617023e-11,3.51412605289e-11,4.56507169455e-11
5.32080182501e-48,2.12832073001e-47,2.12832073001e-47,7.31515970924e-11,4.03371008759e-11,4.82605446845e-11
1.76521907083e-47,7.06087628332e-47,7.06087628332e-47,9.71211166668e-11,4.34646348955e-11,5.3548551545e-11
6.40185732398e-47,2.56074292959e-46,2.56074292959e-46,1.20539485317e-10,4.11961548916e-11,6.08735176242e-11
4.70946337474e-47,1.8837853499e-46,1.8837853499e-46,1.3788725247e-10,3.32845617983e-11,6.79869347289e-11
2.56639889761e-48,1.02655955904e-47,1.02655955904e-47,1.45488714657e-10,2.39128235747e-11,7.2361291439e-11
2.01653162292e-47,8.0661264917e-47,8.0661264917e-47,1.42246822218e-10,1.97117564267e-11,7.23856114823e-11
5.94034948336e-47,2.37613979334e-46,2.37613979334e-46,1.29751137658e-10,2.54015682912e-11,6.77069188527e-11
3.81665862931e-47,1.52666345173e-46,1.52666345173e-46,1.11673841768e-10,4.01491573201e-11,5.89691625838e-11
9.08250967398e-49,3.63300386959e-48,3.63300386959e-48,9.24695081895e-11,5.74803675906e-11,4.76518407693e-11
2.21693590402e-47,8.8677436161e-47,8.8677436161e-47,7.5929002613e-11,6.90017315009e-11,3.62000829436e-11
5.43248766949e-47,2.17299506779e-46,2.17299506779e-46,6.43348303162e-11,6.93437208293e-11,2.7839307832e-11
3.029781011e-47,1.2119124044e-46,1.2119124044e-46,5.83493799079e-11,5.89308900398e-11,2.54415659994e-11
1.3076106615e-49,5.23044264599e-49,5.23044264599e-49,5.71257711718e-11,4.29620460647e-11,2.97988843838e-11
2.36017436351e-47,9.44069745406e-47,9.44069745406e-47,5.8444094255e-11,2.77802712777e-11,3.86826544248e-11
4.89560331535e-47,1.95824132614e-46,1.95824132614e-46,5.94489810598e-11,1.74066920784e-11,4.78616316077e-11
2.3495887371e-47,9.39835494838e-47,9.39835494838e-47,5.83099795193e-11,1.23869588461e-11,5.36787469181e-11
2.9203816647e-50,1.16815266588e-49,1.16815266588e-49,5.56995457017e-11,1.10760836294e-11,5.52375243229e-11
2.44356448825e-47,9.77425795301e-47,9.77425795301e-47,5.43179913337e-11,1.17852132186e-11,5.43746562e-11
4.34604073444e-47,1.73841629378e-46,1.73841629378e-46,5.63198305498e-11,1.39942313955e-11,5.35189942299e-11
1.77380987886e-47,7.09523951544e-47,7.09523951544e-47,6.09868479e-11,1.79666639177e-11,5.34802760905e-11
4.14246416709e-49,1.65698566684e-48,1.65698566684e-48,6.5238808423e-11,2.35162932522e-11,5.31975149014e-11
2.46755746312e-47,9.87022985248e-47,9.87022985248e-47,6.67473903366e-11,2.9267066066e-11,5.14569492068e-11
3.79872109775e-47,1.5194884391e-46,1.5194884391e-46,6.64822195722e-11,3.31596152215e-11,4.86161916251e-11
1.29757474193e-47,5.19029896774e-47,5.19029896774e-47,6.79033433384e-11,3.37686206679e-11,4.6476043821e-11
1.11554777057e-48,4.46219108227e-48,4.46219108227e-48,7.34558307088e-11,3.12511517667e-11,4.64624219921e-11
2.43526070601e-47,9.74104282403e-47,9.74104282403e-47,8.17748296982e-11,2.70956006453e-11,4.80545548281e-11
3.26680229382e-47,1.30672091753e-46,1.30672091753e-46,8.82035045514e-11,2.29441810931e-11,4.91001530726e-11
9.13879592018e-48,3.65551836807e-47,3.65551836807e-47,8.79921714987e-11,1.95726720737e-11,4.77058428669e-11
1.98442964997e-48,7.93771859989e-48,7.93771859989e-48,7.93623544994e-11,1.68689745988e-11,4.38575567991e-11
2.35193975052e-47,9.40775900206e-47,9.40775900206e-47,6.43066369008e-11,1.46343023014e-11,3.92936035679e-11
2.76143387686e-47,1.10457355074e-46,1.10457355074e-46,4.71986383073e-11,1.32630022312e-11,3.58843915474e-11
6.14066280615e-48,2.45626512246e-47,2.45626512246e-47,3.26376358144e-11,1.35690125571e-11,3.40822135943e-11
2.89563514322e-48,1.15825405729e-47,1.15825405729e-47,2.3720444821e-11,1.59481935522e-11,3.27528339475e-11
2.22451418712e-47,8.89805674849e-47,8.89805674849e-47,2.1153440037e-11,1.97568205242e-11,3.03513655565e-11
2.29160425288e-47,9.16641701154e-47,9.16641701154e-47,2.32773143641e-11,2.35923132851e-11,2.63005395579e-11
3.88303255341e-48,1.55321302137e-47,1.55321302137e-47,2.70290402146e-11,2.63027495329e-11,2.14371371794e-11
3.74820943272e-48,1.49928377309e-47,1.49928377309e-47,2.95338751547e-11,2.78479618599e-11,1.7301289428e-11
2.06106136489e-47,8.24424545955e-47,8.24424545955e-47,2.94985762266e-11,2.92305609181e-11,1.50004961469e-11
1.86407547664e-47,7.45630190654e-47,7.45630190654e-47,2.75450762483e-11,3.15219948522e-11,1.46577282177e-11
2.2605457344e-48,9.04218293761e-48,9.04218293761e-48,2.53514752033e-11,3.48099429078e-11,1.58915874079e-11
4.46555549752e-48,1.78622219901e-47,1.78622219901e-47,2.43449319226e-11,3.79749162582e-11,1.88165358724e-11
1.87034038436e-47,7.48136153745e-47,7.48136153745e-47,2.49014964111e-11,3.94852685676e-11,2.44739554906e-11
1.48339933242e-47,5.93359732967e-47,5.93359732967e-47,2.64449890121e-11,3.85213377865e-11,3.40049374946e-11
1.16524833917e-48,4.66099335669e-48,4.66099335669e-48,2.81407825457e-11,3.54925760821e-11,4.70677814738e-11
4.99473290745e-48,1.99789316298e-47,1.99789316298e-47,2.9633492391e-11,3.16003648901e-11,6.09534854486e-11
1.66134753058e-47,6.64539012233e-47,6.64539012233e-47,3.14260479488e-11,2.79445039779e-11,7.15180691007e-11
1.15200701086e-47,4.60802804342e-47,4.60802804342e-47,3.46644272513e-11,2.49786026391e-11,7.55142153876e-11
4.90694164439e-49,1.96277665776e-48,1.96277665776e-48,4.02327549417e-11,2.26559473533e-11,7.25409092509e-11
5.30508116705e-48,2.12203246682e-47,2.12203246682e-47,4.74763576999e-11,2.08998988132e-11,6.50388882831e-11
1.44291282068e-47,5.77165128272e-47,5.77165128272e-47,5.35170673074e-11,1.98004722996e-11,5.64530317139e-11
8.70363484732e-48,3.48145393893e-47,3.48145393893e-47,5.4279286219e-11,1.93630271234e-11,4.92324458807e-11
1.35609881599e-49,5.42439526397e-49,5.42439526397e-49,4.73111421972e-11,1.92117896302e-11,4.42259278688e-11
5.38625985439e-48,2.15450394176e-47,2.15450394176e-47,3.47011104053e-11,1.87416720551e-11,4.1464750287e-11
1.22334569857e-47,4.89338279427e-47,4.89338279427e-47,2.34728972664e-11,1.770936617e-11,4.10137274631e-11
6.37176757059e-48,2.54870702823e-47,2.54870702823e-47,2.2133567821e-11,1.66923526995e-11,4.28473856904e-11
7.04918414498e-51,2.81967365799e-50,2.81967365799e-50,3.50191183122e-11,1.6846542191e-11,4.61008372218e-11
5.24580618531e-48,2.09832247412e-47,2.09832247412e-47,5.83673419128e-11,1.90195340176e-11,4.889323148e-11
1.01013625294e-47,4.04054501176e-47,4.04054501176e-47,8.14311771672e-11,2.29303099581e-11,4.92825450345e-11
4.49651455533e-48,1.79860582213e-47,1.79860582213e-47,9.24981120187e-11,2.71439124483e-11,4.65750739874e-11
2.2979694671e-50,9.19187786841e-50,9.19187786841e-50,8.59771065439e-11,2.99043637177e-11,4.17250763566e-11
4.90631661227e-48,1.96252664491e-47,1.96252664491e-47,6.57436688568e-11,3.01711266921e-11,3.64481764181e-11
8.09716584075e-48,3.2388663363e-47,3.2388663363e-47,4.25394294636e-11,2.8099780646e-11,3.19268362503e-11
3.03775791241e-48,1.21510316496e-47,1.21510316496e-47,2.73793590212e-11,2.47522781457e-11,2.82742398919e-11
1.1426390906e-49,4.57055636238e-49,4.57055636238e-49,2.54649130408e-11,2.14363457727e-11,2.50469912387e-11
4.40236238822e-48,1.76094495529e-47,1.76094495529e-47,3.43131251383e-11,1.92017590141e-11,2.20771450758e-11
6.2728520078e-48,2.50914080312e-47,2.50914080312e-47,4.66037831253e-11,1.86719962096e-11,1.97484007686e-11
1.94630707106e-48,7.78522828423e-48,7.78522828423e-48,5.51654296552e-11,2.00254601353e-11,1.85511816022e-11
2.26013055368e-49,9.0405222147e-49,9.0405222147e-49,5.66519506379e-11,2.29273387892e-11,1.84706817487e-11
3.77725008079e-48,1.51090003232e-47,1.51090003232e-47,5.20184069175e-11,2.64721238594e-11,1.8819575995e-11
4.66695603789e-48,1.86678241516e-47,1.86678241516e-47,4.43935156481e-11,2.93681328138e-11,1.86293606389e-11
1.16710072705e-48,4.66840290821e-48,4.66840290821e-48,3.6489951717e-11,3.0450831017e-11,1.72401067064e-11
3.18309972401e-49,1.2732398896e-48,1.2732398896e-48,2.94078662313e-11,2.92743574088e-11,1.46621597422e-11
3.07973652855e-48,1.23189461142e-47,1.23189461142e-47,2.31569824789e-11,2.63439408061e-11,1.15397782619e-11
3.30408517348e-48,1.32163406939e-47,1.32163406939e-47,1.78452926063e-11,2.27559171805e-11,8.81908122935e-12
6.42410499845e-49,2.56964199938e-48,2.56964199938e-48,1.42672007559e-11,1.94919516116e-11,7.33131947155e-12
3.66313775307e-49,1.46525510123e-48,1.46525510123e-48,1.34606450918e-11,1.69408826013e-11,7.47808065144e-12
2.36080407922e-48,9.44321631686e-48,9.44321631686e-48,1.57710604663e-11,1.50271508297e-11,9.13753871348e-12
2.19505628219e-48,8.78022512877e-48,8.78022512877e-48,2.02715169321e-11,1.37260230161e-11,1.18196721791e-11
3.14942496471e-49,1.25976998589e-48,1.25976998589e-48,2.49971938867e-11,1.33366848587e-11,1.49699582887e-11
3.59774828041e-49,1.43909931217e-48,1.43909931217e-48,2.78513041931e-11,1.41509179425e-11,1.8218774629e-11
1.67059605802e-48,6.6823842321e-48,6.6823842321e-48,2.76662755557e-11,1.58729857276e-11,2.14237170232e-11
1.33761159983e-48,5.35044639933e-48,5.35044639933e-48,2.48536202879e-11,1.75219746773e-11,2.45667409878e-11
1.30739879471e-49,5.22959517885e-49,5.22959517885e-49,2.12631790112e-11,1.80909205292e-11,2.77327977345e-11
3.02003183994e-49,1.20801273598e-48,1.20801273598e-48,1.92372461505e-11,1.73929941477e-11,3.12608627158e-11
1.05560468193e-48,4.22241872772e-48,4.22241872772e-48,2.03048286071e-11,1.62386336635e-11,3.5799531751e-11
7.17662538002e-49,2.87065015201e-48,2.87065015201e-48,2.42754417095e-11,1.5722323815e-11,4.18749660725e-11
4.17984493679e-50,1.67193797472e-49,1.67193797472e-49,2.93532177265e-11,1.62857297494e-11,4.90275089305e-11
2.08346918227e-49,8.33387672908e-49,8.33387672908e-49,3.32485029863e-11,1.74151892092e-11,5.52626778709e-11
5.56193838724e-49,2.2247753549e-48,2.2247753549e-48,3.45259783108e-11,1.81633197207e-11,5.76649792448e-11
3.10998479528e-49,1.24399391811e-48,1.24399391811e-48,3.32327934258e-11,1.79126937144e-11,5.41400971477e-11
8.317739416e-51,3.3270957664e-50,3.3270957664e-50,3.04648448046e-11,1.6698762251e-11,4.50709745478e-11
1.04248461091e-49,4.16993844365e-49,4.16993844365e-49,2.7453901881e-11,1.49548760792e-11,3.34321979511e-11
2.04528069024e-49,8.18112276098e-49,8.18112276098e-49,2.50827597675e-11,1.30736798148e-11,2.3060986389e-11
8.53870138073e-50,3.41548055229e-49,3.41548055229e-49,2.40878670766e-11,1.12046170754e-11,1.63653671615e-11
5.22164943776e-52,2.0886597751e-51,2.0886597751e-51,2.52950036814e-11,9.35498469404e-12,1.32534037292e-11
2.2957000248e-50,9.18280009921e-50,9.18280009921e-50,2.91641666243e-11,7.57865509237e-12,1.19800724983e-11
2.29664652582e-50,9.1865861033e-50,9.1865861033e-50,3.48856785759e-11,6.050899426e-12,1.09556845039e-11
2.98301165436e-51,1.19320466174e-50,1.19320466174e-50,4.01485902405e-11,5.00668746864e-12,9.87679592161e-12
